B cells,B cells.png
Follicular B cells,B cells.png
Proliferative germinal center B cells,B cells.png
Germinal center B cells,B cells.png
Memory B cells,B cells.png
Age-associated B cells,B cells.png
Naive B cells,B cells.png
Transitional B cells,B cells.png
Large pre-B cells,B cells.png
Small pre-B cells,B cells.png
Pre-pro-B cells,B cells.png
Pro-B cells,B cells.png
Cycling B cells,B cells.png
Cycling DCs,DC.png
Cycling gamma-delta T cells,T cells.png
Cycling monocytes,Monocytes.png
Cycling NK cells,NK cells.png
Cycling T cells,T cells.png
DC,DC.png
DC1,DC.png
DC2,DC.png
DC3,DC.png
Migratory DCs,DC.png
Transitional DC,DC.png
DC precursor,DC.png
Double-negative thymocytes,cell.png
Double-positive thymocytes,cell.png
Early MK,Megakaryocyte.png
Endothelial cells,Endothelial cells.png
Epithelial cells,Epithelial cells.png
Erythrocytes,Erythrocytes.png
Early erythroid,cell.png
Late erythroid,cell.png
Mid erythroid,cell.png
ETP,cell.png
Fibroblasts,Fibroblasts.png
Granulocytes,Neutrophils.png
Neutrophils,Neutrophils.png
CMP,cell.png
Early lymphoid/T lymphoid,cell.png
ELP,cell.png
GMP,cell.png
HSC/MPP,cell.png
Megakaryocyte-erythroid-mast cell progenitor,cell.png
MEMP,cell.png
Neutrophil-myeloid progenitor,cell.png
ILC,ILC.png
ILC1,ILC.png
ILC2,ILC.png
ILC3,ILC.png
CD16+ NK cells,NK cells.png
CD16- NK cells,NK cells.png
NK cells,NK cells.png
Transitional NK,NK cells.png
ILC precursor,ILC.png
Alveolar macrophages,Macrophages.png
Intermediate macrophages,Macrophages.png
Intestinal macrophages,Macrophages.png
Erythrophagocytic macrophages,Macrophages.png
Hofbauer cells,Macrophages.png
Kidney-resident macrophages,Macrophages.png
Kupffer cells,Macrophages.png
Macrophages,Macrophages.png
Mast cells,mast.png
Megakaryocyte precursor,Megakaryocyte.png
Megakaryocytes/platelets,Megakaryocyte.png
MNP,cell.png
Mono-mac,Monocytes.png
Monocyte precursor,Monocytes.png
Classical monocytes,Monocytes.png
Non-classical monocytes,Monocytes.png
Monocytes,Monocytes.png
Myelocytes,cell.png
pDC,DC.png
pDC precursor,DC.png
Plasma cells,Plasmablasts.png
Plasmablasts,Plasmablasts.png
Promyelocytes,cell.png
CD8a/a,T cells.png
CD8a/b(entry),T cells.png
Follicular helper T cells,T cells.png
CRTAM+ gamma-delta T cells,T cells.png
gamma-delta T cells,T cells.png
MAIT cells,T cells.png
Memory CD4+ cytotoxic T cells,T cells.png
NKT cells,T cells.png
Regulatory T cells,T cells.png
T(agonist),T cells.png
Tcm/Naive cytotoxic T cells,T cells.png
Tcm/Naive helper T cells,T cells.png
Tem/Trm cytotoxic T cells,T cells.png
Tem/Temra cytotoxic T cells,T cells.png
Trm cytotoxic T cells,T cells.png
Tem/Effector helper T cells,T cells.png
Tem/Effector helper T cells PD1+,T cells.png
Treg(diff),T cells.png
Type 1 helper T cells,T cells.png
Type 17 helper T cells,T cells.png
